{
  "energy_mean": 11199.837459375663,
  "energy_std": 2483.834025206546,
  "anomaly_rate": 0.0,
  "n_samples": 60
}