{
  "balanced": {
    "cluster_1": {
      "score": 0.7668852070272929,
      "quality": 100.21799999999996,
      "yield": 1.343870421896668,
      "performance": 1.45955050153772,
      "energy": 10060.827954495457,
      "co2": 8249.878922686274
    }
  }
}