{
  "quality": {
    "cluster_1": {
      "score": 0.7227744722911922,
      "quality": 99.94049999999999,
      "yield": 93.38545454545452,
      "performance": 89.73568292099584,
      "energy": 7825.088409052021,
      "co2": 6416.572495422657
    }
  },
  "eco": {
    "cluster_1": {
      "score": 0.3293322106968876,
      "quality": 99.43359999999997,
      "yield": 93.58181818181811,
      "performance": 90.42343540322433,
      "energy": 7825.088409052021,
      "co2": 6416.572495422657
    }
  },
  "custom": {
    "5d3b6933": {
      "cluster_1": {
        "score": 0.44950008032280353,
        "quality": 99.59079999999997,
        "yield": 93.64727272727266,
        "performance": 91.27244084357604,
        "energy": 7853.858172088099,
        "co2": 6440.163701112241
      }
    }
  }
}