{
  "performance": {
    "cluster_1": {
      "score": 0.7834242208230866,
      "quality": 99.35429999999995,
      "yield": 1.2620127922100448,
      "performance": 1.5161972546636633,
      "energy": 7972.72542285971,
      "co2": 6537.6348467449625
    }
  },
  "quality": {
    "cluster_1": {
      "score": 0.7853031083856103,
      "quality": 99.50759999999997,
      "yield": 1.218226853037387,
      "performance": 1.4945759072721758,
      "energy": 7989.194973382131,
      "co2": 6551.139878173347
    }
  },
  "custom": {
    "97ecb511": {
      "cluster_1": {
        "score": 0.7570987523343318,
        "quality": 99.25469999999999,
        "yield": 1.2984930996051958,
        "performance": 1.5080828906687689,
        "energy": 7825.088409052021,
        "co2": 6416.572495422657
      }
    },
    "4a8d1470": {
      "cluster_1": {
        "score": 0.559066478220429,
        "quality": 99.53499999999998,
        "yield": 1.1622972489585799,
        "performance": 1.4923653357363753,
        "energy": 7825.088409052021,
        "co2": 6416.572495422657
      }
    },
    "c79119d6": {
      "cluster_1": {
        "score": 0.8097064232700012,
        "quality": 100.41159999999998,
        "yield": 1.3056008550686347,
        "performance": 1.4117572540128551,
        "energy": 7829.874774695203,
        "co2": 6420.497315250066
      }
    }
  },
  "eco": {
    "cluster_1": {
      "score": 0.4082599276965251,
      "quality": 99.94749999999998,
      "yield": 94.13939393939391,
      "performance": 90.47959502680956,
      "energy": 7825.088409052021,
      "co2": 6416.572495422657
    }
  },
  "balanced": {
    "cluster_1": {
      "score": 0.761795978541565,
      "quality": 100.72799999999995,
      "yield": 1.3314926465944574,
      "performance": 1.4576490389863863,
      "energy": 7829.1465538947,
      "co2": 6419.900174193654
    }
  }
}