{
  "balanced": {
    "cluster_1": {
      "score": 0.7222871496255268,
      "quality": 100.1137,
      "yield": 1.320215984260821,
      "performance": 1.4464077405053057,
      "energy": 10060.827954495457,
      "co2": 8249.878922686274
    }
  },
  "yield": {
    "cluster_1": {
      "score": 0.7713662010677996,
      "quality": 100.44479999999996,
      "yield": 1.371134731905738,
      "performance": 1.396433541632405,
      "energy": 10060.827954495457,
      "co2": 8249.878922686274
    }
  },
  "eco": {
    "cluster_1": {
      "score": 0.41647050529479474,
      "quality": 99.50299999999997,
      "yield": 1.2255073219991561,
      "performance": 1.495944525387354,
      "energy": 10060.827954495457,
      "co2": 8249.878922686274
    }
  }
}