{
  "balanced": {
    "cluster_1": {
      "score": 0.7222871496255268,
      "quality": 100.1137,
      "yield": 1.320215984260821,
      "performance": 1.4464077405053057,
      "energy": 10060.827954495457,
      "co2": 8249.878922686274
    }
  },
  "custom": {
    "9ab2e8e5": {
      "cluster_1": {
        "score": 0.7777936459550668,
        "quality": 100.34699999999998,
        "yield": 1.3712288228367095,
        "performance": 1.4620196289369576,
        "energy": 10060.827954495457,
        "co2": 8249.878922686274
      }
    }
  }
}