{
  "performance": {
    "cluster_1": {
      "score": 0.7834242208230866,
      "quality": 99.35429999999995,
      "yield": 1.2620127922100448,
      "performance": 1.5161972546636633,
      "energy": 7972.72542285971,
      "co2": 6537.6348467449625
    }
  },
  "quality": {
    "cluster_1": {
      "score": 0.7352582338117418,
      "quality": 99.76819999999996,
      "yield": 1.3994371987879084,
      "performance": 1.3977259041836774,
      "energy": 7885.661054062275,
      "co2": 6466.242064331065
    }
  },
  "custom": {
    "97ecb511": {
      "cluster_1": {
        "score": 0.7570987523343318,
        "quality": 99.25469999999999,
        "yield": 1.2984930996051958,
        "performance": 1.5080828906687689,
        "energy": 7825.088409052021,
        "co2": 6416.572495422657
      }
    },
    "4a8d1470": {
      "cluster_1": {
        "score": 0.559066478220429,
        "quality": 99.53499999999998,
        "yield": 1.1622972489585799,
        "performance": 1.4923653357363753,
        "energy": 7825.088409052021,
        "co2": 6416.572495422657
      }
    }
  }
}