{
  "quality": {
    "cluster_1": {
      "score": 0.7859202839744729,
      "quality": 100.32959999999996,
      "yield": 93.71636363636355,
      "performance": 91.60318041190249,
      "energy": 7842.911812316227,
      "co2": 6431.187686099306
    }
  }
}