{
  "mae": 40.818736,
  "rmse": null,
  "r2": 0.977018,
  "mape": null
}