{
  "mae": 40.81873626017536,
  "rmse": 133.30082662221764,
  "r2": 0.9770177236547802,
  "mape": 2.541060563531007
}