{
  "Hardness": {
    "mae": 1.6891666666666658,
    "r2": 0.9868208633093525
  },
  "Dissolution_Rate": {
    "mae": 0.5056666666666866,
    "r2": 0.9634541050149612
  },
  "Content_Uniformity": {
    "mae": 0.3283333333333556,
    "r2": 0.9817034949254836
  },
  "yield_score": {
    "mae": 0.08766379965184028,
    "r2": 0.9893930877810154
  },
  "performance_score": {
    "mae": 0.16744223304186642,
    "r2": 0.9562574522409195
  },
  "total_energy": {
    "mae": 242.13414486169177,
    "r2": 0.9844773386569498
  }
}