{
  "content_uniformity_min": 89.8,
  "content_uniformity_max": 106.3,
  "performance_score_min": -2.2744256587512117,
  "performance_score_max": 1.801540555046032,
  "yield_scale_range": 16.5,
  "perf_scale_range": 4.075966213797244
}